objectid,filename,youtubeid,title,format,description,creator,recipient,date,date-is-approximate?,item_information,subject,location,latitude,longitude,related_publication,publisher-digital,source,findingaid,original-identifier,identifier,rights,rightsstatement,type,language,relation
filmphoto001,tulips_001.jpg,,Tulips at Central Park,image/jpeg,Black and white capture of tulips at the park during spring.,"Pessoa Oliveira, Rodrigo",,2025-04-30,yes,film photo,Flowers; Landscape; Black-and-White; 110mm,"Manhattan, NY",40.779441342146605,-73.96907038450361,110mm,Private Collection,Private Collection,,,110BW_NY_April2025,This Item is protected by copyright and/or related rights. You are free to use this Item in any way that is permitted by the copyright and related rights legislation that applies to your use. For other uses you need to obtain permission from the rights-holder(s).,http://rightsstatements.org/vocab/InC/1.0/,Image,eng,
filmphoto002,castle_007.jpg,,Belvedere Castle at Central Park,image/jpeg,Black and white capture of the Belvedere Castle at the park.,"Pessoa Oliveira, Rodrigo",,2025-04-30,yes,film photo,Castle; Landscape; Black-and-white; 110mm,"Manhattan, NY",40.779441342146605,-73.96907038450361,110mm,Private Collection,Private Collection,,,110BW_NY_April2025,This Item is protected by copyright and/or related rights. You are free to use this Item in any way that is permitted by the copyright and related rights legislation that applies to your use. For other uses you need to obtain permission from the rights-holder(s).,http://rightsstatements.org/vocab/InC/1.0/,Image,eng,
filmphoto003,centralpark_003.jpg,,Belvedere Castle at Central Park,image/jpeg,Black and white capture of the Belvedere Castle at the park.,"Pessoa Oliveira, Rodrigo",,2025-04-30,yes,film photo,Castle; Landscape; Black-and-white; 110mm,"Manhattan, NY",40.779441342146605,-73.96907038450361,110mm,Private Collection,Private Collection,,,110BW_NY_April2025,This Item is protected by copyright and/or related rights. You are free to use this Item in any way that is permitted by the copyright and related rights legislation that applies to your use. For other uses you need to obtain permission from the rights-holder(s).,http://rightsstatements.org/vocab/InC/1.0/,Image,eng,
filmphoto004,centralpark_004.jpg,,Flowers and people walking at the Park,image/jpeg,Black and white capture of people walking at the park during springs and flowers can be seen,"Pessoa Oliveira, Rodrigo",,2025-04-30,yes,film photo,Spring; people; flowers; Black-and-white; 110mm,"Manhattan, NY",40.779441342146605,-73.96907038450361,110mm,Private Collection,Private Collection,,,110BW_NY_April2025,This Item is protected by copyright and/or related rights. You are free to use this Item in any way that is permitted by the copyright and related rights legislation that applies to your use. For other uses you need to obtain permission from the rights-holder(s).,http://rightsstatements.org/vocab/InC/1.0/,Image,eng,
filmphoto005,centralpark_009.jpg,,People walking at the park,image/jpeg,Black and white capture of people walking at the park and a other enjoying the sunshine in the grass,"Pessoa Oliveira, Rodrigo",,2025-04-30,yes,film photo,Spring; people; Black-and-white; 110mm,"Manhattan, NY",40.779441342146605,-73.96907038450361,110mm,Private Collection,Private Collection,,,110BW_NY_April2025,This Item is protected by copyright and/or related rights. You are free to use this Item in any way that is permitted by the copyright and related rights legislation that applies to your use. For other uses you need to obtain permission from the rights-holder(s).,http://rightsstatements.org/vocab/InC/1.0/,Image,eng,
filmphoto006,museum_002.jpg,,Museum architecture,image/jpeg,Black and white capture of the exterior Building of the Museum of Natural History,"Pessoa Oliveira, Rodrigo",,2025-04-30,yes,film photo,Spring; people; Black-and-white; 110mm,"Manhattan, NY",40.78133048771549,-73.97396815120334,110mm,Private Collection,Private Collection,,,110BW_NY_April2025,This Item is protected by copyright and/or related rights. You are free to use this Item in any way that is permitted by the copyright and related rights legislation that applies to your use. For other uses you need to obtain permission from the rights-holder(s).,http://rightsstatements.org/vocab/InC/1.0/,Image,eng,
filmphoto007,park_006.jpg,,Belvedere Castle at Central Park,image/jpeg,Black and white capture of the Belvedere Castle at the park.,"Pessoa Oliveira, Rodrigo",,2025-04-30,yes,film photo,Castle; Landscape; Black-and-white; 110mm,"Manhattan, NY",40.779441342146605,-73.96907038450361,110mm,Private Collection,Private Collection,,,110BW_NY_April2025,This Item is protected by copyright and/or related rights. You are free to use this Item in any way that is permitted by the copyright and related rights legislation that applies to your use. For other uses you need to obtain permission from the rights-holder(s).,http://rightsstatements.org/vocab/InC/1.0/,Image,eng,
filmphoto008,parkskyline_005.jpg,,Skyline view from Central Park,image/jpeg,Black and white capture of the skyline from CP.,"Pessoa Oliveira, Rodrigo",,2025-04-30,yes,film photo,Castle; Landscape; Black-and-white; 110mm,"Manhattan, NY",40.779441342146605,-73.96907038450361,110mm,Private Collection,Private Collection,,,110BW_NY_April2025,This Item is protected by copyright and/or related rights. You are free to use this Item in any way that is permitted by the copyright and related rights legislation that applies to your use. For other uses you need to obtain permission from the rights-holder(s).,http://rightsstatements.org/vocab/InC/1.0/,Image,eng,
filmphoto009,themet_008.jpg,,Pollarded trees in the front of the Metropolitan Museum of NYC,image/jpeg,Black and white capture of bare branch group of pollarded trees in the front of the Metropolitan Museum of NYC.,"Pessoa Oliveira, Rodrigo",,2025-04-30,yes,film photo,Trees; Landscape; The MET; Black-and-white; 110mm,"Manhattan, NY",40.779550309963085, -73.96321181578769,110mm,Private Collection,Private Collection,,,110BW_NY_April2025,This Item is protected by copyright and/or related rights. You are free to use this Item in any way that is permitted by the copyright and related rights legislation that applies to your use. For other uses you need to obtain permission from the rights-holder(s).,http://rightsstatements.org/vocab/InC/1.0/,Image,eng,
filmphoto010,themet_010.jpg,,The MET accross the street ,image/jpeg,Black and white capture of the MET accross the street. The exhibition in highlight is Recasting the Past.,"Pessoa Oliveira, Rodrigo",,2025-04-30,yes,film photo,The Met; Museum;Black-and-white; 110mm,"Manhattan, NY",40.779550309963085, -73.96321181578769,110mm,Private Collection,Private Collection,,,110BW_NY_April2025,This Item is protected by copyright and/or related rights. You are free to use this Item in any way that is permitted by the copyright and related rights legislation that applies to your use. For other uses you need to obtain permission from the rights-holder(s).,http://rightsstatements.org/vocab/InC/1.0/,Image,eng,
filmphoto011,building_004.jpg,,"90 Bedford St, New York, NY 10014",image/jpeg,Color capture of Building at West Village,"Pessoa Oliveira, Rodrigo",,2025-04-30,yes,film photo,Building; Color; West Village; 110mm,"Manhattan, NY",40.73247992878033, -74.00531424417831,110mm,Private Collection,Private Collection,,,110CLR_NY_April2025,This Item is protected by copyright and/or related rights. You are free to use this Item in any way that is permitted by the copyright and related rights legislation that applies to your use. For other uses you need to obtain permission from the rights-holder(s).,http://rightsstatements.org/vocab/InC/1.0/,Image,eng,
filmphoto012,building_005.jpg,,Brick house with plants,image/jpeg,"Color capture of a small brick row house built around 1854, originally known as ""Mixed Ale Alley""","Pessoa Oliveira, Rodrigo",,2025-04-30,yes,film photo,Building; Color; West Village; 110mm,"Manhattan, NY",40.73247992878033, -74.00531424417831,110mm,Private Collection,Private Collection,,,110CLR_NY_April2025,This Item is protected by copyright and/or related rights. You are free to use this Item in any way that is permitted by the copyright and related rights legislation that applies to your use. For other uses you need to obtain permission from the rights-holder(s).,http://rightsstatements.org/vocab/InC/1.0/,Image,eng,
filmphoto013,building_011.jpg,,Brick apartment complex at West Village,image/jpeg,"Color capture of a small brick row house built around 1854, originally known as ""Mixed Ale Alley""","Pessoa Oliveira, Rodrigo",,2025-04-30,yes,film photo,Building; Color; West Village; 110mm,"Manhattan, NY",40.73247992878033, -74.00531424417831,110mm,Private Collection,Private Collection,,,110CLR_NY_April2025,This Item is protected by copyright and/or related rights. You are free to use this Item in any way that is permitted by the copyright and related rights legislation that applies to your use. For other uses you need to obtain permission from the rights-holder(s).,http://rightsstatements.org/vocab/InC/1.0/,Image,eng,
filmphoto014,buildings_006.jpg,,Distinctive pyramid-topped Zeckendorf Towers and the historic Con Edison Building near Union Square in Manhattan,image/jpeg,Color capture from Union Square.,"Pessoa Oliveira, Rodrigo",,2025-04-30,yes,film photo,Building; Color; Union Square; 110mm,"Manhattan, NY",40.73591614224448,-73.99038615252582,110mm,Private Collection,Private Collection,,,110CLR_NY_April2025,This Item is protected by copyright and/or related rights. You are free to use this Item in any way that is permitted by the copyright and related rights legislation that applies to your use. For other uses you need to obtain permission from the rights-holder(s).,http://rightsstatements.org/vocab/InC/1.0/,Image,eng,
filmphoto015,centralpark_012.jpg,,The Baresford from a distance,image/jpeg,Color capture of Baresford Building from Central Park,"Pessoa Oliveira, Rodrigo",,2025-04-30,yes,film photo,Building; Color; Central Park; 110mm,"Manhattan, NY",40.73591614224448,-73.99038615252582,110mm,Private Collection,Private Collection,,,110CLR_NY_April2025,This Item is protected by copyright and/or related rights. You are free to use this Item in any way that is permitted by the copyright and related rights legislation that applies to your use. For other uses you need to obtain permission from the rights-holder(s).,http://rightsstatements.org/vocab/InC/1.0/,Image,eng,
filmphoto016,centralpark_013.jpg,,Skyline view from Central Park,image/jpeg,Color capture of Buildings view from Central Park,"Pessoa Oliveira, Rodrigo",,2025-04-30,yes,film photo,Building; Color; Central Park; 110mm,"Manhattan, NY",40.73591614224448,-73.99038615252582,110mm,Private Collection,Private Collection,,,110CLR_NY_April2025,This Item is protected by copyright and/or related rights. You are free to use this Item in any way that is permitted by the copyright and related rights legislation that applies to your use. For other uses you need to obtain permission from the rights-holder(s).,http://rightsstatements.org/vocab/InC/1.0/,Image,eng,
filmphoto017,church_019.jpg,,Romanesque Revival with Gothic details,image/jpeg,Color capture of a Building with Romanesque Revival with Gothic details,"Pessoa Oliveira, Rodrigo",,2025-04-30,yes,film photo,Color; Romanesque Revival; Gothic; 110mm,"Manhattan, NY",40.73247992878033, -74.00531424417831,110mm,Private Collection,Private Collection,,,110CLR_NY_April2025,This Item is protected by copyright and/or related rights. You are free to use this Item in any way that is permitted by the copyright and related rights legislation that applies to your use. For other uses you need to obtain permission from the rights-holder(s).,http://rightsstatements.org/vocab/InC/1.0/,Image,eng,
filmphoto018,door_010.jpg,,66 Perry Street,image/jpeg,Color capture showing door from the classic facade famous for being Carrie Bradshaw's home,"Pessoa Oliveira, Rodrigo",,2025-04-30,yes,film photo,Carrie Bradshaw; Color; NY; 110mm,"Manhattan, NY",40.73247992878033, -74.00531424417831,110mm,Private Collection,Private Collection,,,110CLR_NY_April2025,This Item is protected by copyright and/or related rights. You are free to use this Item in any way that is permitted by the copyright and related rights legislation that applies to your use. For other uses you need to obtain permission from the rights-holder(s).,http://rightsstatements.org/vocab/InC/1.0/,Image,eng,
filmphoto019,ebikes_008.jpg,,Row of ebikes on West Village,image/jpeg,Color capture showing ebikes on West Vilage,"Pessoa Oliveira, Rodrigo",,2025-04-30,yes,film photo,Color; Bikes; NY; 110mm,"Manhattan, NY",40.73247992878033, -74.00531424417831,110mm,Private Collection,Private Collection,,,110CLR_NY_April2025,This Item is protected by copyright and/or related rights. You are free to use this Item in any way that is permitted by the copyright and related rights legislation that applies to your use. For other uses you need to obtain permission from the rights-holder(s).,http://rightsstatements.org/vocab/InC/1.0/,Image,eng,
filmphoto020,empirestate_016.jpg,,Empire State Building,image/jpeg,Color capture of the Empire State Building,"Pessoa Oliveira, Rodrigo",,2025-04-30,yes,film photo,Building;Color; 110mm,"Manhattan, NY",40.73247992878033, -74.00531424417831,110mm,Private Collection,Private Collection,,,110CLR_NY_April2025,This Item is protected by copyright and/or related rights. You are free to use this Item in any way that is permitted by the copyright and related rights legislation that applies to your use. For other uses you need to obtain permission from the rights-holder(s).,http://rightsstatements.org/vocab/InC/1.0/,Image,eng,
filmphoto021,firescapes_007.jpg,,Fire scapes from classic NY Building,image/jpeg,"Color capture of fire scape, classic of NY Buildings in zig-zag","Pessoa Oliveira, Rodrigo",,2025-04-30,yes,film photo,Building;Color; 110mm,"Manhattan, NY",40.73247992878033, -74.00531424417831,110mm,Private Collection,Private Collection,,,110CLR_NY_April2025,This Item is protected by copyright and/or related rights. You are free to use this Item in any way that is permitted by the copyright and related rights legislation that applies to your use. For other uses you need to obtain permission from the rights-holder(s).,http://rightsstatements.org/vocab/InC/1.0/,Image,eng,
filmphoto022,library_017.jpg,,Sculpture at the NYC Library,image/jpeg,Color capture of sculpture in the NYC Lirbary Buillding,"Pessoa Oliveira, Rodrigo",,2025-04-30,yes,film photo,Library; Sculpture; Building; 110mm,"Manhattan, NY",40.73247992878033, -74.00531424417831,110mm,Private Collection,Private Collection,,,110CLR_NY_April2025,This Item is protected by copyright and/or related rights. You are free to use this Item in any way that is permitted by the copyright and related rights legislation that applies to your use. For other uses you need to obtain permission from the rights-holder(s).,http://rightsstatements.org/vocab/InC/1.0/,Image,eng,
filmphoto023,mebylaura_009.jpg,,Photo of me taken by my friend L,image/jpeg,Color capture of me in front of 66 Perry Street,"Pessoa Oliveira, Rodrigo",,2025-04-30,yes,film photo,Carrie Bradshaw; Color; NY; 110mm,"Manhattan, NY",40.73247992878033, -74.00531424417831,110mm,Private Collection,Private Collection,,,110CLR_NY_April2025,This Item is protected by copyright and/or related rights. You are free to use this Item in any way that is permitted by the copyright and related rights legislation that applies to your use. For other uses you need to obtain permission from the rights-holder(s).,http://rightsstatements.org/vocab/InC/1.0/,Image,eng,
filmphoto024,square_002.jpg,,Union Square,image/jpeg,Color capture of Union Square,"Pessoa Oliveira, Rodrigo",,2025-04-30,yes,film photo,Building; Color; West Village; 110mm,"Manhattan, NY",40.73247992878033, -74.00531424417831,110mm,Private Collection,Private Collection,,,110CLR_NY_April2025,This Item is protected by copyright and/or related rights. You are free to use this Item in any way that is permitted by the copyright and related rights legislation that applies to your use. For other uses you need to obtain permission from the rights-holder(s).,http://rightsstatements.org/vocab/InC/1.0/,Image,eng,
filmphoto025,timessquare_018.jpg,,Times Square,image/jpeg,Color capture of Times Square during spring,"Pessoa Oliveira, Rodrigo",,2025-04-30,yes,film photo,Times Square; NY; Color; 110mm,"Manhattan, NY",40.779441342146605,-73.96907038450361,110mm,Private Collection,Private Collection,,,110CLR_NY_April2025,This Item is protected by copyright and/or related rights. You are free to use this Item in any way that is permitted by the copyright and related rights legislation that applies to your use. For other uses you need to obtain permission from the rights-holder(s).,http://rightsstatements.org/vocab/InC/1.0/,Image,eng,
filmphoto026,treesandbuilding_014.jpg,,Nature and Buildings,image/jpeg,Color capture of tree branches and Steinway Tower in the back,"Pessoa Oliveira, Rodrigo",,2025-04-30,yes,film photo,Spring; Buildings; NY; 110mm,"Manhattan, NY",40.779441342146605,-73.96907038450361,110mm,Private Collection,Private Collection,,,110CLR_NY_April2025,This Item is protected by copyright and/or related rights. You are free to use this Item in any way that is permitted by the copyright and related rights legislation that applies to your use. For other uses you need to obtain permission from the rights-holder(s).,http://rightsstatements.org/vocab/InC/1.0/,Image,eng,
filmphoto027,treesandbuildings_015.jpg,,Nature and Buildings (Skyline from Central Park),image/jpeg,Color capture of trees and Buildings from the park,"Pessoa Oliveira, Rodrigo",,2025-04-30,yes,film photo,Spring; Buildings; NY; 110mm,"Manhattan, NY",40.779441342146605,-73.96907038450361,110mm,Private Collection,Private Collection,,,110CLR_NY_April2025,This Item is protected by copyright and/or related rights. You are free to use this Item in any way that is permitted by the copyright and related rights legislation that applies to your use. For other uses you need to obtain permission from the rights-holder(s).,http://rightsstatements.org/vocab/InC/1.0/,Image,eng,
filmphoto028,purple_001.jpg,,Rabbit at the Mukilteo beach,image/jpeg,Color capture of a rabbit on the Mukilteo beach,"Pessoa Oliveira, Rodrigo",,2026-08-26,yes,film photo,Summer; Animal; Landscape; 110mm,"Mukilteo, WA",47.94730262,-122.3074383,110mm,Private Collection,Private Collection,,,110CLR_WA_August 2026,This Item is protected by copyright and/or related rights. You are free to use this Item in any way that is permitted by the copyright and related rights legislation that applies to your use. For other uses you need to obtain permission from the rights-holder(s).,http://rightsstatements.org/vocab/InC/1.0/,Image,eng,
filmphoto029,purple_002.jpg,,Parking lot in Mukilteo ,image/jpeg,Color capture of a parking lot at the Mukilteo beach,"Pessoa Oliveira, Rodrigo",,2026-08-26,yes,film photo,Summer; beach; cars; 110mm,"Mukilteo, WA",47.94730262,-122.3074383,110mm,Private Collection,Private Collection,,,110CLR_WA_August 2026,This Item is protected by copyright and/or related rights. You are free to use this Item in any way that is permitted by the copyright and related rights legislation that applies to your use. For other uses you need to obtain permission from the rights-holder(s).,http://rightsstatements.org/vocab/InC/1.0/,Image,eng,
filmphoto030,purple_003.jpg,,Daisies in Mukilteo beach road,image/jpeg,Color capture of flowers in the Mukilteo beach way,"Pessoa Oliveira, Rodrigo",,2026-08-26,yes,film photo,Summer; flowers; Color; 110mm,"Mukilteo, WA",47.94730262,-122.3074383,110mm,Private Collection,Private Collection,,,110CLR_WA_August 2026,This Item is protected by copyright and/or related rights. You are free to use this Item in any way that is permitted by the copyright and related rights legislation that applies to your use. For other uses you need to obtain permission from the rights-holder(s).,http://rightsstatements.org/vocab/InC/1.0/,Image,eng,
filmphoto031,purple_004.jpg,,Half-light portrait picture,image/jpeg,Color capture of the sunset hitting the portrait in my Kitchen,"Pessoa Oliveira, Rodrigo",,2026-08-26,yes,film photo,Summer; 110mm,"Mukilteo, WA",47.94730262,-122.3074383,110mm,Private Collection,Private Collection,,,110CLR_WA_August 2026,This Item is protected by copyright and/or related rights. You are free to use this Item in any way that is permitted by the copyright and related rights legislation that applies to your use. For other uses you need to obtain permission from the rights-holder(s).,http://rightsstatements.org/vocab/InC/1.0/,Image,eng,
filmphoto032,purple_005.jpg,,Summer fun,image/jpeg,"Color capture of people at the Mukilteo water access fishing, walking, and enjoying the summer time","Pessoa Oliveira, Rodrigo",,2026-08-26,yes,film photo,Summer; fishing; Color; 110mm,"Mukilteo, WA",47.94730262,-122.3074383,110mm,Private Collection,Private Collection,,,110CLR_WA_August 2026,This Item is protected by copyright and/or related rights. You are free to use this Item in any way that is permitted by the copyright and related rights legislation that applies to your use. For other uses you need to obtain permission from the rights-holder(s).,http://rightsstatements.org/vocab/InC/1.0/,Image,eng,
filmphoto033,purple_006.jpg,,"Ferry to Clinton, loaded and ready to go",image/jpeg,Color capture of the Mukilteo-Clinton ferry loaded and ready to depart to Clinton; view from the beach,"Pessoa Oliveira, Rodrigo",,2026-08-26,yes,film photo,Ferry; Landscape; Color; 110mm,"Mukilteo, WA",47.94730262,-122.3074383,110mm,Private Collection,Private Collection,,,110CLR_WA_August 2026,This Item is protected by copyright and/or related rights. You are free to use this Item in any way that is permitted by the copyright and related rights legislation that applies to your use. For other uses you need to obtain permission from the rights-holder(s).,http://rightsstatements.org/vocab/InC/1.0/,Image,eng,
filmphoto034,purple_007.jpg,,Sun glitter,image/jpeg,Color capture of sun glittler ,"Pessoa Oliveira, Rodrigo",,2026-08-26,yes,film photo,Sun; Summer; Color; 110mm,"Mukilteo, WA",47.94730262,-122.3074383,110mm,Private Collection,Private Collection,,,110CLR_WA_August 2026,This Item is protected by copyright and/or related rights. You are free to use this Item in any way that is permitted by the copyright and related rights legislation that applies to your use. For other uses you need to obtain permission from the rights-holder(s).,http://rightsstatements.org/vocab/InC/1.0/,Image,eng,
filmphoto035,brooklynskyline_009.jpg,,Skyline view from Williamsburg,image/jpeg,Black and white capture of skyline,"Pessoa Oliveira, Rodrigo",,2025-04-30,yes,film photo,Skyline; Building; Black-and-white; 120mm,"Brooklyn, NY",40.712161020926075,-73.96432017792512,120mm,Private Collection,Private Collection,,,120BW_NY_April2025,This Item is protected by copyright and/or related rights. You are free to use this Item in any way that is permitted by the copyright and related rights legislation that applies to your use. For other uses you need to obtain permission from the rights-holder(s).,http://rightsstatements.org/vocab/InC/1.0/,Image,eng,
filmphoto036,buildings_008.jpg,,Buildings from Williamsburg,image/jpeg,Black and white capture of buildings,"Pessoa Oliveira, Rodrigo",,2025-04-30,yes,film photo,Skyline; Building; Black-and-white; 120mm,"Manhattan, NY",40.73247992878033, -74.00531424417831,120mm,Private Collection,Private Collection,,,120BW_NY_April2025,This Item is protected by copyright and/or related rights. You are free to use this Item in any way that is permitted by the copyright and related rights legislation that applies to your use. For other uses you need to obtain permission from the rights-holder(s).,http://rightsstatements.org/vocab/InC/1.0/,Image,eng,
filmphoto037,doubleexposure_002.jpg,,Double Exposure from Dumbo and passersby,image/jpeg,"Double exposure including Dumbo view, tourists, and my friend","Pessoa Oliveira, Rodrigo",,2025-04-30,yes,film photo,Black-and-white; 120mm; NY,"Manhattan, NY",40.73247992878033, -74.00531424417831,120mm,Private Collection,Private Collection,,,120BW_NY_April2025,This Item is protected by copyright and/or related rights. You are free to use this Item in any way that is permitted by the copyright and related rights legislation that applies to your use. For other uses you need to obtain permission from the rights-holder(s).,http://rightsstatements.org/vocab/InC/1.0/,Image,eng,
filmphoto038,dumboskyline_005.jpg,,Skyline from Dumbo,image/jpeg,Skyline from Dumbo,"Pessoa Oliveira, Rodrigo",,2025-04-30,yes,film photo,Black-and-white; 120mm; NY,"Manhattan, NY",40.73247992878033, -74.00531424417831,120mm,Private Collection,Private Collection,,,120BW_NY_April2025,This Item is protected by copyright and/or related rights. You are free to use this Item in any way that is permitted by the copyright and related rights legislation that applies to your use. For other uses you need to obtain permission from the rights-holder(s).,http://rightsstatements.org/vocab/InC/1.0/,Image,eng,
filmphoto039,eastriver_004.jpg,,East River view with people overlooking the river,image/jpeg,Black and white capture of East River from Dumbo,"Pessoa Oliveira, Rodrigo",,2025-04-30,yes,film photo,Black-and-white; 120mm; NY,"Manhattan, NY",40.73247992878033, -74.00531424417831,120mm,Private Collection,Private Collection,,,120BW_NY_April2025,This Item is protected by copyright and/or related rights. You are free to use this Item in any way that is permitted by the copyright and related rights legislation that applies to your use. For other uses you need to obtain permission from the rights-holder(s).,http://rightsstatements.org/vocab/InC/1.0/,Image,eng,
filmphoto040,l_003.jpg,,Group of people at Dumbo,image/jpeg,Black and white capture of a group of people looking at the landscape,"Pessoa Oliveira, Rodrigo",,2025-04-30,yes,film photo,Black-and-white; 120mm; NY,"Manhattan, NY",40.73247992878033, -74.00531424417831,120mm,Private Collection,Private Collection,,,120BW_NY_April2025,This Item is protected by copyright and/or related rights. You are free to use this Item in any way that is permitted by the copyright and related rights legislation that applies to your use. For other uses you need to obtain permission from the rights-holder(s).,http://rightsstatements.org/vocab/InC/1.0/,Image,eng,
filmphoto041,manhattanbridge_006.jpg,,Manhattan bridge from below,image/jpeg,Black and white capture of the bridge from below,"Pessoa Oliveira, Rodrigo",,2025-04-30,yes,film photo,Black-and-white; 120mm; NY,"Manhattan, NY",40.73247992878033, -74.00531424417831,120mm,Private Collection,Private Collection,,,120BW_NY_April2025,This Item is protected by copyright and/or related rights. You are free to use this Item in any way that is permitted by the copyright and related rights legislation that applies to your use. For other uses you need to obtain permission from the rights-holder(s).,http://rightsstatements.org/vocab/InC/1.0/,Image,eng,
filmphoto042,oculus_007.jpg,,Oculus at NY city,image/jpeg,Black and white capture of the Oculus ,"Pessoa Oliveira, Rodrigo",,2025-04-30,yes,film photo,Black-and-white; 120mm; NY,"Manhattan, NY",40.73247992878033, -74.00531424417831,120mm,Private Collection,Private Collection,,,120BW_NY_April2025,This Item is protected by copyright and/or related rights. You are free to use this Item in any way that is permitted by the copyright and related rights legislation that applies to your use. For other uses you need to obtain permission from the rights-holder(s).,http://rightsstatements.org/vocab/InC/1.0/,Image,eng,
filmphoto043,wtc_010.jpg,,World Trade Center,image/jpeg,Black and white capture of World Trade Center,"Pessoa Oliveira, Rodrigo",,2025-04-30,yes,film photo,Black-and-white; Building; 120mm,"Manhattan, NY",40.73247992878033, -74.00531424417831,120mm,Private Collection,Private Collection,,,120BW_NY_April2025,This Item is protected by copyright and/or related rights. You are free to use this Item in any way that is permitted by the copyright and related rights legislation that applies to your use. For other uses you need to obtain permission from the rights-holder(s).,http://rightsstatements.org/vocab/InC/1.0/,Image,eng,
